{"index": {"/usr/lib/python2.7/abc.py": 1467486156.0, "/home/tanija/hack_bg/Week_05/HackBG_Airline/flight.py": 1480046869.6614213, "/home/tanija/week04/dungeons_and_python/character.py": 1478536418.4072301, "/home/tanija/week03/Game_of_life/matrix.py": 1478520148.6980832, "/usr/lib/python2.7/posixpath.py": 1467486156.0, "/usr/lib/python2.7/pickle.py": 1467486156.0, "/home/tanija/HackBG-Python/Week_01/Matrix_bombing/point.py": 1479398178.1066222, "/home/tanija/hack_bg/week_04/Dungeons-and-Pythons/character.py": 1479109241.4940567, "/home/tanija/hack_bg/week_04/dungeons_and_python/enemy.py": 1478701735.662108, "/home/tanija/hack_bg/Week_05/HackBG_Airline/hack_time.py": 1480055770.9928908, "/home/tanija/hack_bg/week_03/polynomials.py": 1478273903.289509, "/usr/lib/python2.7/genericpath.py": 1467486156.0, "/usr/lib/python2.7/unittest/__init__.py": 1467486158.0, "/usr/lib/python2.7/random.py": 1479547951.0, "/home/tanija/hack_bg/week_06/Frogs/tree_class.py": 1479921995.9993234, "/home/tanija/hack_bg/week_03/cashdesk.py": 1479712964.5554953, "/home/tanija/week03/Game_of_life/cell.py": 1478507371.0227919, "/usr/lib/python2.7/copy_reg.py": 1467486156.0, "/home/tanija/week03/polynom_2.py": 1478351211.1598082, "/home/tanija/hack_bg/Week_05/Algo/linked_list.py": 1479833969.735813, "/usr/lib/python2.7/re.py": 1467486156.0, "/usr/lib/python2.7/unittest/runner.py": 1467486158.0, "/home/tanija/hack_bg/week_04/Dungeons-and-Pythons/hero.py": 1478706612.8172371, "/home/tanija/week03/fraction_class.py": 1478095597.0124168, "/home/tanija/HackBG-Python/Week_01/Matrix_bombing/matrix.py": 1479395472.7538123, "/home/tanija/hack_bg/week_03/Game_of_life/cell.py": 1478671595.3954816, "/home/tanija/hack_bg/Week_05/HackBG_Airline/terminal.py": 1480048207.068879, "/usr/lib/python2.7/warnings.py": 1467486156.0, "/usr/lib/python2.7/unittest/loader.py": 1467486158.0, "/home/tanija/hack_bg/week_06/Frogs/tree.py": 1479919405.7678292, "/home/tanija/hack_bg/week_04/Dungeons-and-Pythons/message.py": 1479057714.019931, "/home/tanija/hack_bg/week_03/Game_of_life/matrix.py": 1478680207.0184166, "/usr/lib/python2.7/unittest/result.py": 1467486158.0, "/home/tanija/HackBG-Python/Week_01/Matrix_bombing/matrix_bombing.py": 1479391178.7363963, "/home/tanija/hack_bg/week_03/Polynom2_Pavlin.py": 1478324921.949734, "/usr/lib/python2.7/types.py": 1467486156.0, "/usr/lib/python2.7/_abcoll.py": 1467486156.0, "/home/tanija/week03/Game_of_life/test_game.py": 1478514640.6220565, "/usr/lib/python2.7/__future__.py": 1467486156.0, "/home/tanija/hack_bg/week_04/dungeons_and_python/hero.py": 1478701735.666108, "/usr/lib/python2.7/collections.py": 1467486156.0, "/home/tanija/hack_bg/Week_05/HackBG_Airline/reservation.py": 1479240744.9003165, "/usr/lib/python2.7/os2emxpath.py": 1467486156.0, "/home/tanija/week03/polynom_team_solv.py": 1478351211.1598082, "/usr/lib/python2.7/json/__init__.py": 1467486157.0, "/home/tanija/hack_bg/Week_05/HackBG_Airline/airport.py": 1479141668.9077342, "/home/tanija/hack_bg/Week_05/HackBG_Airline/__init__.py": 1479135609.6424706, "/home/tanija/hack_bg/week_04/Dungeons-and-Pythons/fight.py": 1479122213.7864048, "/home/tanija/hack_bg/week_06/tree_class.py": 1479749971.0223844, "/usr/lib/python2.7/sre_compile.py": 1467486156.0, "/home/tanija/hack_bg/Week_05/HackBG_Airline/passenger.py": 1479287066.2747693, "/usr/lib/python2.7/unittest/suite.py": 1467486158.0, "/home/tanija/hack_bg/week_03/bannk_account.py": 1478104953.63599, "/home/tanija/week03/Game_of_life/game.py": 1478495060.6038277, "/usr/lib/python2.7/dummy_thread.py": 1467486156.0, "/home/tanija/hack_bg/Week_05/Algo/test_binary_search.py": 1479484089.3187635, "/usr/lib/python2.7/unittest/signals.py": 1467486158.0, "/home/tanija/week04/dungeons_and_python/weapon.py": 1478535853.8088515, "/usr/lib/python2.7/unittest/main.py": 1467486158.0, "/usr/lib/python2.7/os.py": 1467486156.0, "/home/tanija/hack_bg/week_04/Dungeons-and-Pythons/dungeons.py": 1478706612.8132372, "/home/tanija/hack_bg/Week_05/HackBG_Airline/objects_generator.py": 1480056998.368945, "/home/tanija/HackBG-Python/Week_02/Fractions/solution.py": 1479017504.87365, "/home/tanija/hack_bg/Week_05/HackBG_Airline/date.py": 1480056930.3275497, "/usr/lib/python2.7/StringIO.py": 1467486156.0, "/home/tanija/hack_bg/Week_05/HackBG_Airline/data.py": 1479134155.4475248, "/home/tanija/week03/cashdesk.py": 1478006103.6794338, "/home/tanija/hack_bg/week_03/fraction_class.py": 1478095597.012416, "/usr/lib/python2.7/keyword.py": 1467486185.0, "/home/tanija/hack_bg/week_04/Dungeons-and-Pythons/weapon.py": 1478537619.664971, "/home/tanija/hack_bg/week_04/Dungeons-and-Pythons/enemy.py": 1478537854.468131, "/home/tanija/hack_bg/Week_05/Algo/binary_search.py": 1479488543.399011, "/usr/lib/python2.7/ntpath.py": 1467486156.0, "/usr/lib/python2.7/unittest/case.py": 1467486158.0, "/home/tanija/hack_bg/week_03/test_parser.py": 1478413710.403021}, "version": 2542}